Name,User ID,Username
ᴹᵃⁿⁱ ,659567210,Khoode_maaani
TDR ,1905682541,hqxpm
Zahra ,1100308123,szszsztt
Maede ,5176834777,Mahchaar
~Zanyar ,1246825788,Zanyar_Alinejhad
𝕯𝖊𝖛𝖎𝖑 ,6846692613,Devil8181B
⛔ ,1068715601,amin3amin
طناز ,5471120348,Tannaazz1
Moali ,422806681,Mowmmadali
𝘚𝘢𝘮𝘢 ,6133038617,samawn2
⚡️MDX⚡️ ,6609194417,TheTVPX
♥آقــا امــیـــد♥,6341258095,OMID010315
𐎠𐏁𐎣𐎠𐎴 ,669643314,ashkanxcx
Ali Zarei,285211827,Alie02827
Alireza ,781263438,alrzjf
Rrr ,5930300215,reyhane_rrr
Keramat ,7313150879,Ya_maahdi313
Shayan ,5109803672,ShahTella
Mostafa ,68156109,
Saghar ,6038526266,Leavemealoneustupidclown
𝖬𝗈𝗁︎𝗂 ,5886679814,mohiwtm
Mohammad ,411202439,
Zahra ,728959782,
علیرضا ,7347086280,Ali_1345_45
Mahdi Farsi,616964105,iamfarsi
mohammad zr ,1868980698,mohammad_zbp
Fatemeh ,1684727635,fatemehgilak70
D ,5990245432,Dekoryyyyy
Omid ,5404285093,
AmirHossein ,7182788750,Amirhossein_03
Alireza ,6497618758,bidarev
-elna ,7391833025,elookmm
× ,5654514546,P4RiY4_x
MeRsAD ,6571688074,
Biaban Palang,1397720496,Palang1402
M-T ,832487159,MTi_trepl
HANNAH ,1164459852,Hanarwshn
ᴹᵃᵉᵈᵉʰ ㋛ ,6119645203,
Alex Христинченко,1638289501,
𐬠𐬁𐬠𐬀𐬐 | ‌بابک 𐬙𐬈𐬠𐬫𐬁𐬥𐬌𐬁𐬥,97047675,babaktebyanian
Ali ,6361097533,ali007nik
R234 Z45,7016385407,Ra320049
ᘻᘿᕲᑘSᗩ ,6764937012,Barana00100
Elnaz Y,5929381620,Elnaz_yy
m t,74881793,
f@teme ,1770961714,
🌺 amirhossein 🌺 ,129438773,amirhossein8099
Arta3 ,6406096385,FightHe
Name's A ,7460535777,Thisisarian1
ashkan ㅤ,210497896,ashkanpcd
Masoud ,90437377,
ℎℴ𝓈𝓈ℯ𝒾𝓃 ,667146264,hs_75_ss
Galin 🐈‍⬛Vlp,5992551039,Galin_51
~°dash sohrab°~ ,105846309,Sohra2239
Melika ,1353944067,Olduz98
گوربای تنهای شهرم ,7340463044,
Shakiba.kavian ,597701979,shakibakvian
ᯓ𑜀ᥱᴿ᥉αᴰ’💸📿'' ,5191891976,MeRsAdToKhS
ReZa ,5961603870,R_rast
Philip ,65947521,Aliam_oO
H ,7078025692,Xyjtxtjxtjtx
خانم نورمحمدی ,1047806813,
Mmd ,5936439671,Yekiam18
None ,7476702634,
R ,249978239,
Mojtaba ,1630397990,MojtabaXYZ
🍁zienab_🍁 ,6264371277,zziynb
M K,7468637050,Mokz78
Hossein ,6901861952,hossein1388hbz
Shahab ,38953004,Sirshahab
G.A ,197623228,Hossein_ha78
afshar ,229314248,afshar_k
AmirHessam ,115319264,AmirHessamFeizi
F 🐈‍⬛ R,286195683,Hwuwh1
Sobhan ,878583057,S0bi_h
Reza ,1135117288,PracticeID
Ali ,5949815128,Alizandi73
M_ Porsalimy,179580259,M_Porsalimi
iMaN ,6696724698,imanmusavi
Far A1987,39046325,Fdrm1
Hamideh Ahmadi,6235875497,Hamide010ah
None ,5955530932,
Matin ,7250037267,Lmmatin1010
Amir ,215597609,percwal
Delaan دلان,5280658855,Mehdeli
🪲پرتقال کوکی🍃,233110948,hkwueyyhsydwu
S-R.N ,105792444,
💛𝚣𝚊𝚑𝚛𝚊💛 ,7159658936,
ℳ๏ђรєภ ,93263762,Mohsen9713
ﾑ刀ﾑんﾉり 6҉6҉3҉,107262976,anahidh663
Ayda ~,5614013401,X_queen_00_X
𝐑 ,6783182875,Reyhon_19
Меhran Ajilian,97423954,mehranajilian
Kamal ,105345514,kamaladi
Mohammad ,5496510300,Mohammadfaridniya
𝓐𝓷𝓽𝓸𝓷𝓸𝓿 ,5251699221,
AmirArsalan ,299057703,abcd12098765
Milad ,72876840,milad_d95
ha ,5291396891,amirhossein5173
Sia ,1899195967,S_i_o_w
A_r_m_a_n ,293998308,Arman_a_n_g
🦴z ,1167990240,berryzk
Reza Ahmadi,77839976,rza_user
Mehdi ,5627960014,PodcastEditor
ﷴ ,865122337,MmdOmidian
Sahar ,677032683,Sahar59333
Zanyar ,887089680,User_267
 𐎤𐎢𐎽𐎢𐏁 ,630016348,Mobham_ah
ძმνoUძ ,295505495,davoudmobile
ZAVALA ,457511250,Lignos
Metti ,5513847728,Metti7778
Saul Goodman,2062210085,safavidaryan
Admin ,6822667495,Addmin_GrizzlyVPNN
Pαɾʋαɳҽ ,5526559953,Parvageram
H@mid ,75059598,karbare001
Am!Я H0$Ξ!N ,208574585,Mr_4mirhp
Fatemeh ,235069386,Theysayfatemeh
𓄂Hami𓆃 ,5505914270,Hamioriginall
Ho Ghasemi,98330412,ghasemi0038
Vahhabm ,48203784,vahhabm
Yaser ,7070353984,YaserRIP
Parmida ,367199364,parmidaetemad
Aliakbar ,1056290488,Aliakbar_2538
νιℓσ💠 ,156928582,freedomisloading
sajjad ,6022033188,sajjad_4575
нυѕѕєιи ,99839952,
Ali ,1868583335,aligh99270
Katayoon ,358546107,Katiezk
Amir_h_mpr ,61065019,amir_h_mpr
Nira 🐈‍⬛Sel,5965046445,nira57s
🐈‍⬛Sajjad Adeli,364038098,Sajjadadeli
𓄂尺乇乙闩𓆃 ,339631822,DARKNESS_SHINEE
Yashar Lotfalian,273910221,YAshaR_Ltf
None ,7299323835,
proxy ,7308574340,orbproxysenderasdfasbot
pouria ,6663338157,Pouria_Orv
𝒎𝒓 𝒊𝒎𝒂𝒏 ᴘᴇʀꜱɪᴀ,1829187536,PVmriman
🌚 ,7270525955,Linaloleyii
... ,6672088406,
Fat3m3h ,243985161,Fat3m3h_73
Alireza ,365774028,Cloner_0011
Unknown ,6623077396,
Sarah ,637937419,S_izadyar
Mohammad Mahdi Ebrahimi,253295793,Mohammadmahdieb
Kiarash ,1763829253,Kiarash9k
🍂𝐄𝐃𝐖𝐀𝐑𝐃✨🦉 ,126814732,Mix_pokqw
M ,5537565132,Dminasafa
Nasrin ,5169598589,
NIKAN MZ,6939470923,
«امیری‌مجد» ,24764406,Vakil_Amirimajd
. ,7058268399,Tk_Rap
💠زینب ,7136970627,Ahmadii6162
Ghazal ,1415986100,Ghazaliliiiii
@star Morning,123344390,Star999morning
reyhaneh ,5096446320,reyhaneh7474
⁪⁬⁮⁮ ⁪⁬ ,6974798926,
محمد مهدی .صلاح میرزائی.صلاح,7331019687,
Sh Kh,6726138612,ashkan25144
𝐒𝐡𝐚𝐲𝐚𝐧 𝟔𝟔𝟔 ,7183452488,DK_369
ຊꫀıꪀꪖᏰ💠 ,6797822881,AhMaDiii6162
زهرا ,275594315,
Ehsan; ,1710290458,Uwolww
Mlika ,5684148907,mIika_mhs
‌ꔷ͜ꔷ‌ ,1703180774,puvee
• ,6923630351,orvail
Aida Rm,353522890,RM_Bitch
Sara ,89452909,Sara_chakavak
h🍓 ,544528109,
Natalie ,1214808749,
may ,5634607290,myamyry
Arichard ,67588812,Keshtarchi
mal ,2138013177,S108282
D ,6429298582,D00M81
𝑬𝒍𝒂𝒉𝒆 ,1229781382,Elaheezt
عمّہ ڪتے ,5399617763,
ㅤ ㅤ,1736876252,
FΛƬΣMΣΉ ,7188908784,FAadmin84
Amin ,361995530,User_Amin
Amirreza ,561127300,black_l_mirr0r
M ,145999384,beyglak123
Mobin ,5870206290,M0bin_Iz
Sadra ,5536729139,O100ra
Mohammad ,855477514,Vincenzx
mohammad hassani,2073570277,Mmmmmoooohhhh1376
𝑆𝑜𝑏𝐻𝑎𝑛 ,1332029323,SoBHaN_TG
RRR ,5875577712,O2Lgk
LoLeLoLeLoLe ,1123815271,LoLeLoLeLoLee
Negin ,912355836,Neginnarimani
ali.mnjad ,1872451981,alimnjad
Fariba.B🐈‍⬛ ,5386856568,Feri_70_70
The King Of Crack,489360905,TheKingOfCrack
ali ,99331999,a_rezzvan
Reza Ghasemi Dehcheshmeh,352225624,REZAGHASEMIDEHCHESHMEH
Milad ∫k,59154371,Mi1ad_Shams
ابوالفضل طالبی,677612274,Talebi0998
ArLo ,6968765532,arlo420
Mahboob ,756928455,Mahboobe1361371
NIMA ,549613937,Strangee9
AMIR. ,95053191,MSc_Amir
Ali.Gh ,1042913161,Ali_Gh2005
Behnam Molaei,37315832,behnammolaei
